ID,Start Node,End Node,Start X,Start Y,Start Z,End X,End Y,End Z,Section,Type,Material,Length,Volume,Area,Inertia X,Inertia Y,Density,Young Modulus,Poisson ratio,Mass,BIM ID
1,1,2,-3.684085415301152,1.9793946838793761,3.0000000000000004,1.1159145846988485,1.9793946838793608,3.0000000000000004,W310X38.7,Beam,Aço ASTM A992,4.800000000000001,0.023434502400000317,0.00494,8.49e-05,7.2000000000000005e-06,7849.04687,199959000000.0,0.3,183.93850771272997,470192
