ID,X,Y,Z
1.0,-3.684085415301152,1.9793946838793761,3.0000000000000004
2.0,1.1159145846988485,1.9793946838793608,3.0000000000000004
