ID,Start_Node,End_Node,Start_X,Start_Y,Start_Z,End_X,End_Y,End_Z,Section,Type
1372973,1,2,9.968136051619371e-13,1.1368683772161602e-13,9.842519685039221,19.685039370079743,5.008272061797085e-14,9.842519685039221,W 310x21,Beam
1374667,3,4,1.0127140805427405e-12,1.1368683772161602e-13,19.685039370078442,19.685039370079757,5.008272061797085e-14,19.685039370078442,W 310x21,Beam
1384255,5,6,1.653314175202453e-14,1.137577690247184e-13,5.3290705182007624e-15,19.685039370079632,5.003425751532427e-14,-5.827504658544723e-14,W 250x17.9,Beam
