ID,Start_Node,End_Node,Start_X,Start_Y,Start_Z,End_X,End_Y,End_Z,Section,Type
1372973,1,2,9.968136051619371e-13,1.1368683772161602e-13,9.842519685039221,19.685039370079743,5.008272061797085e-14,9.842519685039221,W 310x21,Beam
1384165,3,4,2.590051422220661e-20,1.1375776902471846e-13,1.295025705033174e-20,19.68503937007975,5.0034257515323866e-14,-6.360410415339136e-14,W 310x21,Beam
