ID,Start_Node,End_Node,Start_X,Start_Y,Start_Z,End_X,End_Y,End_Z,Section,Type
1372973,1,2,9.968136051619371e-13,1.1368683772161602e-13,9.842519685039221,19.685039370079743,5.008272061797085e-14,9.842519685039221,W 310x21,Beam
1385083,3,1,-19.72030839895114,1.7759545182556739e-13,-1.66844081454244e-28,0.0,1.1375776902471846e-13,9.860154199474414,W 310x21,Beam
1385392,4,3,2.5900472545107264e-20,-8.384397128232282e-35,-8.368674891290034e-35,-19.72030839895114,6.383768280084892e-14,6.371807448012579e-14,W 310x21,Beam
1385672,5,2,39.370078740160494,-1.3086749452636942e-14,9.842519685039221,19.685039370081746,5.0082720617964416e-14,9.842519685039221,W 310x21,Beam
1385678,6,5,59.09038713911263,-7.617885853329886e-14,-1.66844081454244e-28,39.37007874016149,-1.3015818149540954e-14,9.860154199474414,W 310x21,Beam
1385679,7,6,39.37007874016149,-1.267735871742594e-13,-8.368674891290034e-35,59.090387139112636,-1.8993662755801731e-13,6.371807448012579e-14,W 310x21,Beam
