ID,Start_Node,End_Node,Start_X,Start_Y,Start_Z,End_X,End_Y,End_Z,Section,Type
1372973,1,2,9.968136051619371e-13,1.1368683772161602e-13,9.842519685039221,19.685039370079743,5.008272061797085e-14,9.842519685039221,W 310x21,Beam
1384506,3,2,39.370078740158505,-1.3086749452630555e-14,9.842519685039221,19.685039370079757,5.00827206179708e-14,9.842519685039221,W 310x21,Beam
