ID,Start_Node,End_Node,Start_X,Start_Y,Start_Z,End_X,End_Y,End_Z,Section,Type
1373235,4,1,-6.645905268213429e-37,-1.7179723723779495e-49,6.475128476034473e-20,-1.0102091702383871e-16,-2.61140161728331e-29,9.842519685039221,HP 200x53,Column
1383927,4,2,2.590051373626829e-20,7.766405787079058e-31,1.2950257284652704e-20,19.68503937008074,5.030004190942349e-14,9.842519685039218,W 250x17.9,Column
1384507,5,3,39.3700787401595,-1.26773587174253e-13,6.475128476034473e-20,39.3700787401595,-1.2677358717425303e-13,9.842519685039221,HP 200x53,Column
1384508,5,2,39.3700787401595,-1.26773587174253e-13,1.2950257284652704e-20,19.68503937007876,5.0300041909429885e-14,9.842519685039218,W 250x17.9,Column
