ID,Start_Node,End_Node,Start_X,Start_Y,Start_Z,End_X,End_Y,End_Z,Section,Type
1373235,3,1,-6.645905268213429e-37,-1.7179723723779495e-49,6.475128476034473e-20,-1.0102091702383871e-16,-2.61140161728331e-29,9.842519685039221,HP 200x53,Column
1373332,4,2,19.68503937007975,5.0034257515323866e-14,0.0,19.68503937007975,5.0034257515323866e-14,9.842519685039221,HP 200x53,Column
1384067,3,2,2.590051385656958e-20,3.583018395841923e-30,1.295025704562785e-20,19.685039370079743,5.008272061797085e-14,9.842519685039221,W 250x17.9,Column
