ID,Start_Node,End_Node,Start_X,Start_Y,Start_Z,End_X,End_Y,End_Z,Section,Type
1373235,10,1,-6.645905268213429e-37,-1.7179723723779495e-49,6.475128476034473e-20,-1.0102091702383871e-16,-2.61140161728331e-29,9.842519685039221,HP 200x53,Column
1373332,11,2,19.68503937007975,5.0034257515323866e-14,0.0,19.68503937007975,5.0034257515323866e-14,9.842519685039221,HP 200x53,Column
1374668,1,3,1.5987211554602254e-14,-2.1952543190430125e-46,9.842519685039221,1.5886190637578415e-14,-2.61140161728331e-29,19.685039370078442,HP 200x53,Column
1374669,2,4,19.685039370079764,5.0034257515323866e-14,9.842519685039221,19.685039370079764,5.0034257515323866e-14,19.685039370078442,HP 200x53,Column
1374691,3,5,3.197442310920451e-14,-2.1952543190430125e-46,19.685039370078442,3.1873402192180666e-14,-2.61140161728331e-29,29.527559055117663,HP 200x53,Column
1374692,4,6,19.685039370079778,5.0034257515323866e-14,19.685039370078442,19.685039370079778,5.0034257515323866e-14,29.527559055117663,HP 200x53,Column
1375705,12,7,39.37007874015949,-1.3352538296868666e-14,-3.552713678800501e-15,39.37007874015949,-1.3352538296868666e-14,9.842519685039218,HP 200x53,Column
1375708,7,8,39.37007874015951,-1.3352538296868666e-14,9.842519685039218,39.37007874015951,-1.3352538296868666e-14,19.68503937007844,HP 200x53,Column
1375711,8,9,39.37007874015952,-1.3352538296868666e-14,19.685039370078435,39.37007874015952,-1.3352538296868666e-14,29.527559055117656,HP 200x53,Column
