ID,Start Node,End Node,Start X,Start Y,Start Z,End X,End Y,End Z,Section,Type,Material,BIM ID
0,0,1,1.0127140805427405e-12,1.1368683772161602e-13,19.685039370078442,19.685039370079757,5.008272061797085e-14,19.685039370078442,W 310x21,Beam,AÇO ASTM - A572 GR50,1374667
1,2,0,1.5987211554602254e-14,-2.1952543190430125e-46,9.842519685039221,1.5886190637578415e-14,-2.61140161728331e-29,19.685039370078442,HP 200x53,Column,AÇO ASTM - A572 GR50,1374668
2,2,1,9.978239356138975e-13,1.1368683772161603e-13,9.84251968503922,19.68503937008174,5.030004190942029e-14,19.68503937007844,W 250x17.9,Column,AÇO ASTM - A572 GR50,1384038
3,3,1,19.685039370079764,5.0034257515323866e-14,9.842519685039221,19.685039370079764,5.0034257515323866e-14,19.685039370078442,HP 200x53,Column,AÇO ASTM - A572 GR50,1374669
4,2,3,9.968136051619371e-13,1.1368683772161602e-13,9.842519685039221,19.685039370079743,5.008272061797085e-14,9.842519685039221,W 310x21,Beam,AÇO ASTM - A572 GR50,1372973
5,4,2,-6.645905268213429e-37,-1.7179723723779495e-49,6.475128476034473e-20,-1.0102091702383871e-16,-2.61140161728331e-29,9.842519685039221,HP 200x53,Column,AÇO ASTM - A572 GR50,1373235
6,4,3,2.590051373626829e-20,7.766405787079058e-31,1.2950257284652704e-20,19.68503937008074,5.030004190942349e-14,9.842519685039218,W 250x17.9,Column,AÇO ASTM - A572 GR50,1383927
7,5,3,19.68503937007975,5.0034257515323866e-14,0.0,19.68503937007975,5.0034257515323866e-14,9.842519685039221,HP 200x53,Column,AÇO ASTM - A572 GR50,1373332
8,4,5,1.653314175202453e-14,1.137577690247184e-13,5.3290705182007624e-15,19.685039370079632,5.003425751532427e-14,-5.827504658544723e-14,W 250x17.9,Beam,AÇO ASTM - A572 GR50,1384255
