ID,X,Y,Z
1.0,9.968136051619371e-13,1.1368683772161602e-13,9.842519685039221
2.0,19.685039370079743,5.008272061797085e-14,9.842519685039221
3.0,-6.645905268213429e-37,-1.7179723723779495e-49,6.475128476034473e-20
4.0,19.68503937007975,5.0034257515323866e-14,0.0
