ID,Start Node,End Node,Start X,Start Y,Start Z,End X,End Y,End Z,Section,Type,Material,Length,Volume,Area,Inertia X,Inertia Y,Density,Young Modulus,Poisson ratio,Mass,BIM ID
0,0,3,9.610445772523236e-15,2.500000000000036,2.899999999999995,4.000000000000012,2.5000000000000577,2.900679807703296,W 250x17.9,Beam,AÇO ASTM - A572 GR50,4.000000057767316,0.009249178889246158,0.00231,2.291e-05,9.100000000000001e-07,7849.04687,199959000000.0,0.3,72.59723861070763,1390070
1,2,3,4.000000000000004,2.1648882686520213e-14,2.8999999999999875,4.000000000000009,2.5000000000000577,2.8999999999999875,W 250x17.9,Beam,AÇO ASTM - A572 GR50,2.500000000000036,0.005793513722246311,0.00231,2.291e-05,9.100000000000001e-07,7849.04687,199959000000.0,0.3,45.473560747899455,1391553
2,7,0,4.622718805020054e-15,2.500000000000036,0.0,9.307798070874546e-15,2.500000000000036,2.899999999999995,HP 200x53,Column,AÇO ASTM - A572 GR50,2.899999999999995,0.019777397186606406,0.006809999999999999,4.9500000000000004e-05,1.6800000000000002e-05,7849.04687,199959000000.0,0.3,155.23371748427982,1390068
3,1,2,4.000000000000002,2.1763672045091682e-14,-1.7204729992332438e-17,4.000000000000002,2.1763672045091682e-14,2.9006798077032956,HP 200x53,Column,AÇO ASTM - A572 GR50,2.9006798077032956,0.019782031685130565,0.006809999999999999,4.9500000000000004e-05,1.6800000000000002e-05,7849.04687,199959000000.0,0.3,155.2700938804149,1388665
4,4,3,4.000000000000007,2.5000000000000577,0.0,4.000000000000012,2.5000000000000577,2.900679807703296,HP 200x53,Column,AÇO ASTM - A572 GR50,2.900679807703296,0.019782031685130562,0.006809999999999999,4.9500000000000004e-05,1.6800000000000002e-05,7849.04687,199959000000.0,0.3,155.27009388041486,1390067
